119032201609,1,2,4,5
119030866340
119030842840
119029337164
119028671936,1,2,4,5
119028302479
119027696132
119027678677
119027677501
119027662756
119027663134,1,2,4
119024947539,1,2,3,4,5
119023777492,1,2,4,5
119022582832
119021686577
119022297166
119021357437
119021268709,1,2,4
119021199025
119021064762
119021033231,1,2,4,5,6,7,8,9
119020962533
119020916448
119020920353
119020684646
119020646222,1,2,4,5,6,7,8,9,10,11
119020579053
119020558803
119020249109
119020449571,1,2,4,5
119020407949
119020345566
119020349803,1,2,4,5
119020338593
119020330770
119020319085
119020301263
119020289798,1,2,4,5
119020263918,1,2,4,5,6,7,8,9,11
119020235110
119020239755
119020242363,1,2,4,5
119020237462
119020236231,1,2,4,5
119020233260,1,2,4,5
119020229849
119020227024
119020228687,1,2,4
119020228643,1,2,4
119020228417,1,2,4
118803434703
118802743421,1,2,4,5
118802456952
118801275003
118801200761
118801110180
118801041617,1,2,4,5
118801135035
118801047535
118801082106,1,2,4,5
118801074734,1,2,4
118801061185,1,2,4,5
118779747215
118801056273,1,2,4
118801044997
118801041047
118797829762
118796453735
118792325136
118790874163
118790522326
118790091455,1,2,4,5
118789445873,1,2,4,5
118789329246
118788632464
118789159326
118789097299
118788875558
118788836377
118788834047
118788729742
118788670632
118788652694
118788625159
118788622481,1,2,3,4,5
118788602768
118788607461,1,2,4
118788565028
118788511396,1,2,4,5,6,7,8,9,10,11
118788514469
118788507970
118779175870
118788499643
118788503983,1,2,4,5
118788504656,1,2,4
118788501019,1,2,4,5
118788497240,1,2,4,5
118783552654
118783048283
118782513976
118781570211
118780861448
118780673706
118780139487
118779903990,1,2,4,5
118779809291
118779794570
118779788733
118779706639,1,2,4,5
118779296993
118779291561
118779290690,1,2,4,5
118779275557
118779242589,1,2,4,5
118779176001
118779227922
118779214648
118779217829,1,2,4
118779208150,1,2,4,5,6,7,8,9,11
118779190909
118779176534
118779182177,1,2,4,5
118779168565
118779166933,1,2,4,5,6
118779158302
118779157898
118779158322
